{
  "nodes": {
    "create-s3-client#1": {
      "contentWidth": 405.4921875,
      "rfNode": {
        "position": {
          "x": -186.68142475266666,
          "y": 268.77767141124997
        }
      }
    },
    "list-by-path#1": {
      "rfNode": {
        "position": {
          "x": 349.77062444409614,
          "y": 268.77767141124997
        }
      }
    }
  }
}