{
  "nodes": {
    "create-s3-client#1": {
      "rfNode": {
        "position": {
          "x": 56.080285916897765,
          "y": -96.12867861961661
        }
      }
    },
    "delete-file#1": {
      "rfNode": {
        "position": {
          "x": 510.1674670247951,
          "y": 87.22940526021823
        }
      }
    }
  },
  "pseudoNodes": {
    "input": {
      "rfNode": {
        "position": {
          "x": -414.8346260174343,
          "y": 65.92291584403861
        }
      }
    },
    "output": {
      "rfNode": {
        "position": {
          "x": 976.8196035068122,
          "y": 101.87132138038339
        }
      }
    }
  }
}